Sales,"Clarinet Institute Music Archives"
"Date Pulled","Aug 19, 2024"
"Report Range","Jul 20, 2020","Aug 19, 2024"
Grouping,day

"Key Stats"
,Count,Trend
Sales,96475.03999999963,-45
Orders,2610,-54
"Conversion Rate",0.7,-
"Average Order Value",32.854297,6
"Sales Per Visit",0.26,-
"Units Sold",3798,-54

Comparison
,Sales,Orders
2020-07-20,70.6,2
2020-07-21,348.9,13
2020-07-22,226.6,6
2020-07-23,172.55,4
2020-07-24,0,0
2020-07-25,0,0
2020-07-26,154.8,5
2020-07-27,290.35,3
2020-07-28,152.95,6
2020-07-29,126.15,3
2020-07-30,189.5,6
2020-07-31,16.95,1
2020-08-01,0,0
2020-08-02,0,0
2020-08-03,54.85,1
2020-08-04,217.8,7
2020-08-05,345.25,11
2020-08-06,45.9,2
2020-08-07,120.35,4
2020-08-08,139.2,7
2020-08-09,31.5,2
2020-08-10,241.45,2
2020-08-11,544.75,17
2020-08-12,501.05,17
2020-08-13,56.9,2
2020-08-14,120.25,3
2020-08-15,0,0
2020-08-16,33.9,1
2020-08-17,106.2,3
2020-08-18,200.85,9
2020-08-19,585.45,13
2020-08-20,63,2
2020-08-21,67.8,3
2020-08-22,45.9,2
2020-08-23,199.8,6
2020-08-24,15.75,1
2020-08-25,505.75,17
2020-08-26,123.3,6
2020-08-27,123.3,3
2020-08-28,259.3,3
2020-08-29,176.95,6
2020-08-30,44.7,2
2020-08-31,100.45,3
2020-09-01,201.9,10
2020-09-02,239.45,10
2020-09-03,79.8,4
2020-09-04,0,0
2020-09-05,0,0
2020-09-06,58.1,2
2020-09-07,50.85,2
2020-09-08,31.5,2
2020-09-09,312.45,11
2020-09-10,161.4,5
2020-09-11,63,3
2020-09-12,72.65,2
2020-09-13,31.5,2
2020-09-14,100.75,2
2020-09-15,192.4,7
2020-09-16,217.4,5
2020-09-17,351.2,5
2020-09-18,100.75,2
2020-09-19,73.85,3
2020-09-20,105.35,3
2020-09-21,44.7,2
2020-09-22,31.5,2
2020-09-23,63,3
2020-09-24,87.55,2
2020-09-25,105.95,2
2020-09-26,50.85,2
2020-09-27,16.95,1
2020-09-28,44.7,1
2020-09-29,365.65,14
2020-09-30,78.75,3
2020-10-01,196.9,5
2020-10-02,89.95,3
2020-10-03,136.5,3
2020-10-04,0,0
2020-10-05,87.55,3
2020-10-06,470.8,11
2020-10-07,313.75,8
2020-10-08,197.05,6
2020-10-09,139.25,6
2020-10-10,30.15,1
2020-10-11,0,0
2020-10-12,33.9,2
2020-10-13,363.3,12
2020-10-14,49.65,2
2020-10-15,122.1,4
2020-10-16,48.45,3
2020-10-17,182.95,4
2020-10-18,86.2,2
2020-10-19,30.15,1
2020-10-20,175.35,7
2020-10-21,32.7,2
2020-10-22,47.25,2
2020-10-23,166.85,5
2020-10-24,72.05,2
2020-10-25,16.95,1
2020-10-26,0,0
2020-10-27,229.15,11
2020-10-28,49.65,3
2020-10-29,352.5,4
2020-10-30,48.45,3
2020-10-31,15.75,1
2020-11-01,70.15,2
2020-11-02,36.95,1
2020-11-03,363.2,16
2020-11-04,164.95,6
2020-11-05,0,0
2020-11-06,110.9,2
2020-11-07,141.2,3
2020-11-08,32.7,2
2020-11-09,102.95,3
2020-11-10,204.6,11
2020-11-11,31.5,2
2020-11-12,134.65,3
2020-11-13,76.2,2
2020-11-14,279.45,6
2020-11-15,70.15,2
2020-11-16,88.95,1
2020-11-17,529.85,15
2020-11-18,99.25,4
2020-11-19,755.8,5
2020-11-20,75.05,2
2020-11-21,79.95,3
2020-11-22,48.45,2
2020-11-23,67.8,2
2020-11-24,469.75,22
2020-11-25,384,19
2020-11-26,177.9,5
2020-11-27,346.15,5
2020-11-28,118.6,3
2020-11-29,145.2,8
2020-11-30,108.3,3
2020-12-01,808.05,30
2020-12-02,565.45,17
2020-12-03,326.1,9
2020-12-04,507.5,9
2020-12-05,76.2,3
2020-12-06,141.4,3
2020-12-07,256.5,6
2020-12-08,664.7,19
2020-12-09,292.4,12
2020-12-10,270.35,6
2020-12-11,185.85,7
2020-12-12,168.35,5
2020-12-13,160.4,2
2020-12-14,79.95,3
2020-12-15,222.9,9
2020-12-16,291.15,12
2020-12-17,151.1,4
2020-12-18,92.55,3
2020-12-19,70.1,2
2020-12-20,264.35,7
2020-12-21,110.25,4
2020-12-22,31.5,1
2020-12-23,78.6,3
2020-12-24,0,0
2020-12-25,0,0
2020-12-26,123.8,2
2020-12-27,0,0
2020-12-28,123.75,2
2020-12-29,32.7,2
2020-12-30,15.75,1
2020-12-31,158.65,4
2021-01-01,28.95,1
2021-01-02,15.75,1
2021-01-03,142.05,4
2021-01-04,0,0
2021-01-05,175.55,3
2021-01-06,269.7,11
2021-01-07,69.4,3
2021-01-08,366.35,7
2021-01-09,50.25,2
2021-01-10,50.25,2
2021-01-11,0,0
2021-01-12,194.85,8
2021-01-13,192.65,9
2021-01-14,100.5,3
2021-01-15,33.5,1
2021-01-16,53.85,2
2021-01-17,416.05,1
2021-01-18,112.8,4
2021-01-19,100.35,4
2021-01-20,97.95,3
2021-01-21,82.25,1
2021-01-22,167.65,3
2021-01-23,16.75,1
2021-01-24,0,0
2021-01-25,33.5,1
2021-01-26,30.95,1
2021-01-27,429.7,17
2021-01-28,290.65,7
2021-01-29,261.25,4
2021-01-30,127.7,3
2021-01-31,67,3
2021-02-01,78.8,2
2021-02-02,378.1,12
2021-02-03,386.2,11
2021-02-04,256.75,8
2021-02-05,114.7,4
2021-02-06,395.55,14
2021-02-07,97.95,4
2021-02-08,97.95,3
2021-02-09,460,14
2021-02-10,281,9
2021-02-11,222.7,5
2021-02-12,214,8
2021-02-13,110.4,4
2021-02-14,274,6
2021-02-15,146.85,5
2021-02-16,225.8,9
2021-02-17,218.95,9
2021-02-18,16.75,1
2021-02-19,133.85,4
2021-02-20,67,3
2021-02-21,164,4
2021-02-22,391.45,6
2021-02-23,284.45,11
2021-02-24,190.95,5
2021-02-25,106.9,4
2021-02-26,0,0
2021-02-27,226.7,5
2021-02-28,246.3,4
2021-03-01,82.4,3
2021-03-02,231.1,8
2021-03-03,33.5,2
2021-03-04,66.85,3
2021-03-05,0,0
2021-03-06,33.5,2
2021-03-07,34.7,2
2021-03-08,67,3
2021-03-09,493.15,13
2021-03-10,215.85,7
2021-03-11,78.95,2
2021-03-12,101.7,3
2021-03-13,284.1,4
2021-03-14,126.5,3
2021-03-15,0,0
2021-03-16,111.3,3
2021-03-17,249.9,9
2021-03-18,521.9,11
2021-03-19,33.5,1
2021-03-20,188,5
2021-03-21,0,0
2021-03-22,48.9,2
2021-03-23,151.9,6
2021-03-24,16.75,1
2021-03-25,176.75,4
2021-03-26,69.4,3
2021-03-27,255.7,6
2021-03-28,100.35,3
2021-03-29,68.2,4
2021-03-30,95.15,2
2021-03-31,0,0
2021-04-01,0,0
2021-04-02,30.95,1
2021-04-03,117.1,4
2021-04-04,33.5,2
2021-04-05,679.25,1
2021-04-06,286.85,13
2021-04-07,111.1,2
2021-04-08,68.2,3
2021-04-09,0,0
2021-04-10,30.95,1
2021-04-11,81.85,3
2021-04-12,265.45,3
2021-04-13,218.1,8
2021-04-14,118.15,2
2021-04-15,130.25,4
2021-04-16,123.25,4
2021-04-17,59.85,1
2021-04-18,144.45,3
2021-04-19,0,0
2021-04-20,285.95,12
2021-04-21,35.9,1
2021-04-22,131.45,4
2021-04-23,0,0
2021-04-24,195.2,2
2021-04-25,79.45,2
2021-04-26,16.75,1
2021-04-27,243.6,6
2021-04-28,311.95,9
2021-04-29,33.5,2
2021-04-30,34.7,2
2021-05-01,32.15,1
2021-05-02,62.05,1
2021-05-03,35.9,1
2021-05-04,289.7,6
2021-05-05,88.55,2
2021-05-06,16.75,1
2021-05-07,0,0
2021-05-08,182.35,5
2021-05-09,60.85,1
2021-05-10,16.75,1
2021-05-11,217.45,7
2021-05-12,206,6
2021-05-13,86,2
2021-05-14,50.25,3
2021-05-15,78.8,2
2021-05-16,0,0
2021-05-17,61.65,3
2021-05-18,137.45,3
2021-05-19,114.7,2
2021-05-20,238.8,4
2021-05-21,0,0
2021-05-22,150.75,1
2021-05-23,81.2,1
2021-05-24,202.9,3
2021-05-25,51.45,2
2021-05-26,0,0
2021-05-27,110.6,3
2021-05-28,194.7,3
2021-05-29,0,0
2021-05-30,171.95,4
2021-05-31,65.75,1
2021-06-01,176.4,6
2021-06-02,197.2,3
2021-06-03,33.5,2
2021-06-04,35.9,1
2021-06-05,33.5,1
2021-06-06,52.65,2
2021-06-07,35.9,1
2021-06-08,16.75,1
2021-06-09,84.8,3
2021-06-10,16.75,1
2021-06-11,0,0
2021-06-12,17.95,1
2021-06-13,30.95,1
2021-06-14,92.35,1
2021-06-15,50.25,3
2021-06-16,102.9,3
2021-06-17,60.85,1
2021-06-18,33.5,1
2021-06-19,50.25,2
2021-06-20,0,0
2021-06-21,84.8,3
2021-06-22,16.75,1
2021-06-23,68.2,2
2021-06-24,0,0
2021-06-25,118.15,3
2021-06-26,16.75,1
2021-06-27,0,0
2021-06-28,65.65,3
2021-06-29,117.1,4
2021-06-30,143.1,3
2021-07-01,34.7,2
2021-07-02,16.75,1
2021-07-03,0,0
2021-07-04,0,0
2021-07-05,78.65,3
2021-07-06,185.45,9
2021-07-07,33.5,2
2021-07-08,30.95,1
2021-07-09,0,0
2021-07-10,0,0
2021-07-11,0,0
2021-07-12,33.5,1
2021-07-13,98.25,4
2021-07-14,35.9,2
2021-07-15,61.9,1
2021-07-16,78.65,1
2021-07-17,0,0
2021-07-18,32.15,1
2021-07-19,16.75,1
2021-07-20,448.9,9
2021-07-21,308.65,4
2021-07-22,32.15,1
2021-07-23,0,0
2021-07-24,95.4,1
2021-07-25,33.5,1
2021-07-26,83.75,3
2021-07-27,67,3
2021-07-28,330.7,8
2021-07-29,51.45,2
2021-07-30,129.95,4
2021-07-31,16.75,1
2021-08-01,79.85,3
2021-08-02,48.9,2
2021-08-03,198.3,5
2021-08-04,193.5,5
2021-08-05,33.5,2
2021-08-06,34.7,2
2021-08-07,17.95,1
2021-08-08,45.95,1
2021-08-09,356.75,6
2021-08-10,16.75,1
2021-08-11,150.7,5
2021-08-12,133.85,4
2021-08-13,171.25,3
2021-08-14,0,0
2021-08-15,0,0
2021-08-16,30.95,1
2021-08-17,491.1,11
2021-08-18,130.1,4
2021-08-19,68.05,2
2021-08-20,67,3
2021-08-21,0,0
2021-08-22,0,0
2021-08-23,0,0
2021-08-24,197.1,6
2021-08-25,134,4
2021-08-26,131.45,3
2021-08-27,66.85,2
2021-08-28,0,0
2021-08-29,62.05,1
2021-08-30,0,0
2021-08-31,16.75,1
2021-09-01,0,0
2021-09-02,0,0
2021-09-03,0,0
2021-09-04,0,0
2021-09-05,0,0
2021-09-06,13.95,1
2021-09-07,229.2,6
2021-09-08,399.8,14
2021-09-09,185.95,5
2021-09-10,51.45,2
2021-09-11,16.75,1
2021-09-12,188.7,4
2021-09-13,0,0
2021-09-14,50.25,1
2021-09-15,68.05,2
2021-09-16,0,0
2021-09-17,67,1
2021-09-18,79.85,3
2021-09-19,50.25,1
2021-09-20,0,0
2021-09-21,578.15,24
2021-09-22,157.75,8
2021-09-23,171.55,5
2021-09-24,113.55,3
2021-09-25,87.55,3
2021-09-26,67,3
2021-09-27,16.75,1
2021-09-28,148.2,3
2021-09-29,32.35,1
2021-09-30,166,1
2021-10-01,176,3
2021-10-02,0,0
2021-10-03,0,0
2021-10-04,65.85,2
2021-10-05,71.2,3
2021-10-06,231.15,6
2021-10-07,139.15,3
2021-10-08,34.9,2
2021-10-09,0,0
2021-10-10,0,0
2021-10-11,32.35,1
2021-10-12,101.9,5
2021-10-13,79.45,2
2021-10-14,140.9,4
2021-10-15,0,0
2021-10-16,179.8,3
2021-10-17,0,0
2021-10-18,0,0
2021-10-19,67,3
2021-10-20,162.65,4
2021-10-21,0,0
2021-10-22,30.95,1
2021-10-23,0,0
2021-10-24,97.05,2
2021-10-25,272.5,2
2021-10-26,135.65,3
2021-10-27,77.6,2
2021-10-28,172.95,2
2021-10-29,115.25,4
2021-10-30,0,0
2021-10-31,233.9,4
2021-11-01,34.9,2
2021-11-02,81.2,3
2021-11-03,16.75,1
2021-11-04,18.15,1
2021-11-05,0,0
2021-11-06,0,0
2021-11-07,54.45,2
2021-11-08,53.05,3
2021-11-09,95.3,2
2021-11-10,212.9,5
2021-11-11,0,0
2021-11-12,30.95,1
2021-11-13,0,0
2021-11-14,0,0
2021-11-15,0,0
2021-11-16,77.6,1
2021-11-17,80.6,2
2021-11-18,33.5,2
2021-11-19,0,0
2021-11-20,0,0
2021-11-21,0,0
2021-11-22,117.75,4
2021-11-23,65.85,2
2021-11-24,30.95,1
2021-11-25,54.45,3
2021-11-26,266.99,2
2021-11-27,0,0
2021-11-28,0,0
2021-11-29,61.99,1
2021-11-30,225.49,6
2021-12-01,33.39,1
2021-12-02,48.98,2
2021-12-03,16.99,1
2021-12-04,92,2
2021-12-05,0,0
2021-12-06,0,0
2021-12-07,48.97,2
2021-12-08,154.97,1
2021-12-09,0,0
2021-12-10,0,0
2021-12-11,143.77,2
2021-12-12,0,0
2021-12-13,16.99,1
2021-12-14,96.36,4
2021-12-15,81.96,3
2021-12-16,0,0
2021-12-17,79.97,3
2021-12-18,33.98,1
2021-12-19,67.96,2
2021-12-20,0,0
2021-12-21,62.98,1
2021-12-22,0,0
2021-12-23,0,0
2021-12-24,0,0
2021-12-25,0,0
2021-12-26,48.98,1
2021-12-27,188.3,2
2021-12-28,0,0
2021-12-29,100.77,1
2021-12-30,79.38,2
2021-12-31,0,0
2022-01-01,0,0
2022-01-02,0,0
2022-01-03,0,0
2022-01-04,0,0
2022-01-05,48.98,1
2022-01-06,0,0
2022-01-07,0,0
2022-01-08,0,0
2022-01-09,33.98,1
2022-01-10,61.99,1
2022-01-11,46,1
2022-01-12,0,0
2022-01-13,63.39,1
2022-01-14,95.97,1
2022-01-15,0,0
2022-01-16,0,0
2022-01-17,0,0
2022-01-18,33.39,1
2022-01-19,98.77,3
2022-01-20,0,0
2022-01-21,0,0
2022-01-22,0,0
2022-01-23,0,0
2022-01-24,36.78,1
2022-01-25,115.76,2
2022-01-26,16.99,1
2022-01-27,16.99,1
2022-01-28,18.39,1
2022-01-29,52.37,2
2022-01-30,0,0
2022-01-31,35.38,2
2022-02-01,36.78,1
2022-02-02,33.98,2
2022-02-03,63.39,1
2022-02-04,16.99,1
2022-02-05,0,0
2022-02-06,0,0
2022-02-07,78.97,2
2022-02-08,55.17,2
2022-02-09,0,0
2022-02-10,0,0
2022-02-11,0,0
2022-02-12,16.99,1
2022-02-13,80.34,2
2022-02-14,31.99,1
2022-02-15,139.25,3
2022-02-16,93.3,2
2022-02-17,0,0
2022-02-18,0,0
2022-02-19,0,0
2022-02-20,0,0
2022-02-21,0,0
2022-02-22,0,0
2022-02-23,0,0
2022-02-24,0,0
2022-02-25,0,0
2022-02-26,0,0
2022-02-27,30.99,1
2022-02-28,45.95,1
2022-03-01,18.35,1
2022-03-02,49.75,1
2022-03-03,63.35,1
2022-03-04,0,0
2022-03-05,0,0
2022-03-06,33.9,1
2022-03-07,0,0
2022-03-08,80.3,2
2022-03-09,0,0
2022-03-10,125.8,3
2022-03-11,0,0
2022-03-12,0,0
2022-03-13,59.94,2
2022-03-14,0,0
2022-03-15,254.35,4
2022-03-16,0,0
2022-03-17,0,0
2022-03-18,0,0
2022-03-19,0,0
2022-03-20,0,0
2022-03-21,0,0
2022-03-22,0,0
2022-03-23,0,0
2022-03-24,45.95,1
2022-03-25,0,0
2022-03-26,0,0
2022-03-27,109.8,2
2022-03-28,118.65,1
2022-03-29,16.95,1
2022-03-30,0,0
2022-03-31,0,0
2022-04-01,114.09,2
2022-04-02,61.95,1
2022-04-03,0,0
2022-04-04,61.95,1
2022-04-05,0,0
2022-04-06,96.24,3
2022-04-07,62.9,2
2022-04-08,16.95,1
2022-04-09,80.93,4
2022-04-10,128.1,2
2022-04-11,97.65,2
2022-04-12,64.85,2
2022-04-13,0,0
2022-04-14,0,0
2022-04-15,16.95,1
2022-04-16,0,0
2022-04-17,0,0
2022-04-18,16.95,1
2022-04-19,182.44,6
2022-04-20,61.95,1
2022-04-21,0,0
2022-04-22,0,0
2022-04-23,16.95,1
2022-04-24,0,0
2022-04-25,0,0
2022-04-26,144.74,1
2022-04-27,14.99,1
2022-04-28,33.94,1
2022-04-29,48.9,2
2022-04-30,0,0
2022-05-01,0,0
2022-05-02,131.55,2
2022-05-03,244.15,1
2022-05-04,0,0
2022-05-05,0,0
2022-05-06,33.9,1
2022-05-07,33.9,1
2022-05-08,0,0
2022-05-09,0,0
2022-05-10,16.95,1
2022-05-11,0,0
2022-05-12,0,0
2022-05-13,0,0
2022-05-14,0,0
2022-05-15,0,0
2022-05-16,0,0
2022-05-17,96.2,3
2022-05-18,82.65,2
2022-05-19,16.39,1
2022-05-20,18.35,1
2022-05-21,0,0
2022-05-22,16.95,1
2022-05-23,62.94,1
2022-05-24,0,0
2022-05-25,208.5,5
2022-05-26,0,0
2022-05-27,0,0
2022-05-28,0,0
2022-05-29,0,0
2022-05-30,33.9,1
2022-05-31,84.75,4
2022-06-01,0,0
2022-06-02,83.95,1
2022-06-03,93.85,1
2022-06-04,0,0
2022-06-05,0,0
2022-06-06,18.35,1
2022-06-07,33.9,2
2022-06-08,124.25,2
2022-06-09,81.25,2
2022-06-10,0,0
2022-06-11,0,0
2022-06-12,0,0
2022-06-13,16.95,1
2022-06-14,113.75,4
2022-06-15,79.85,2
2022-06-16,0,0
2022-06-17,33.35,1
2022-06-18,0,0
2022-06-19,101.6,1
2022-06-20,0,0
2022-06-21,16.95,1
2022-06-22,13.95,1
2022-06-23,0,0
2022-06-24,80.3,2
2022-06-25,0,0
2022-06-26,0,0
2022-06-27,0,0
2022-06-28,110.8,3
2022-06-29,16.95,1
2022-06-30,67.8,2
2022-07-01,16.95,1
2022-07-02,65.85,2
2022-07-03,16.95,1
2022-07-04,0,0
2022-07-05,16.39,1
2022-07-06,137.85,3
2022-07-07,45.95,1
2022-07-08,45.95,1
2022-07-09,18.35,1
2022-07-10,0,0
2022-07-11,0,0
2022-07-12,0,0
2022-07-13,225.9,4
2022-07-14,0,0
2022-07-15,108.85,3
2022-07-16,0,0
2022-07-17,0,0
2022-07-18,0,0
2022-07-19,155.75,4
2022-07-20,33.9,2
2022-07-21,0,0
2022-07-22,47.9,1
2022-07-23,18.35,1
2022-07-24,30.95,1
2022-07-25,54.65,1
2022-07-26,0,0
2022-07-27,36.7,1
2022-07-28,0,0
2022-07-29,30.95,1
2022-07-30,0,0
2022-07-31,0,0
2022-08-01,61.95,1
2022-08-02,0,0
2022-08-03,64.3,2
2022-08-04,33.9,1
2022-08-05,0,0
2022-08-06,0,0
2022-08-07,169.85,2
2022-08-08,0,0
2022-08-09,224.6,3
2022-08-10,78.9,2
2022-08-11,0,0
2022-08-12,18.35,1
2022-08-13,0,0
2022-08-14,0,0
2022-08-15,18.35,1
2022-08-16,61.95,1
2022-08-17,0,0
2022-08-18,0,0
2022-08-19,61.95,1
2022-08-20,0,0
2022-08-21,0,0
2022-08-22,0,0
2022-08-23,328.6,7
2022-08-24,0,0
2022-08-25,67.8,2
2022-08-26,0,0
2022-08-27,30.95,1
2022-08-28,0,0
2022-08-29,16.95,1
2022-08-30,45.95,1
2022-08-31,0,0
2022-09-01,0,0
2022-09-02,16.95,1
2022-09-03,16.95,1
2022-09-04,0,0
2022-09-05,0,0
2022-09-06,140.85,2
2022-09-07,126.65,3
2022-09-08,5,1
2022-09-09,0,0
2022-09-10,36.7,1
2022-09-11,30.95,1
2022-09-12,0,0
2022-09-13,16.95,1
2022-09-14,193.5,5
2022-09-15,0,0
2022-09-16,0,0
2022-09-17,0,0
2022-09-18,0,0
2022-09-19,0,0
2022-09-20,251.14,3
2022-09-21,0,0
2022-09-22,0,0
2022-09-23,127.25,2
2022-09-24,0,0
2022-09-25,0,0
2022-09-26,0,0
2022-09-27,91.9,2
2022-09-28,16.95,1
2022-09-29,0,0
2022-09-30,0,0
2022-10-01,0,0
2022-10-02,0,0
2022-10-03,0,0
2022-10-04,127.2,3
2022-10-05,79.85,1
2022-10-06,0,0
2022-10-07,30.95,1
2022-10-08,16.95,1
2022-10-09,16.95,1
2022-10-10,0,0
2022-10-11,180.65,4
2022-10-12,93.3,2
2022-10-13,47.35,1
2022-10-14,0,0
2022-10-15,45.95,1
2022-10-16,47.9,1
2022-10-17,0,0
2022-10-18,86.8,3
2022-10-19,0,0
2022-10-20,0,0
2022-10-21,176.4,2
2022-10-22,0,0
2022-10-23,0,0
2022-10-24,108.85,2
2022-10-25,0,0
2022-10-26,30.95,1
2022-10-27,16.35,1
2022-10-28,107.9,1
2022-10-29,16.95,1
2022-10-30,84.75,1
2022-10-31,0,0
2022-11-01,0,0
2022-11-02,48.9,2
2022-11-03,6.95,1
2022-11-04,100.9,2
2022-11-05,0,0
2022-11-06,0,0
2022-11-07,76.9,1
2022-11-08,174.15,3
2022-11-09,0,0
2022-11-10,0,0
2022-11-11,64.85,2
2022-11-12,0,0
2022-11-13,0,0
2022-11-14,0,0
2022-11-15,137.85,3
2022-11-16,35.3,2
2022-11-17,75.95,2
2022-11-18,16.95,1
2022-11-19,0,0
2022-11-20,0,0
2022-11-21,0,0
2022-11-22,64.85,2
2022-11-23,0,0
2022-11-24,33.9,1
2022-11-25,0,0
2022-11-26,62.94,1
2022-11-27,92.9,1
2022-11-28,0,0
2022-11-29,62.9,2
2022-11-30,0,0
2022-12-01,18.35,1
2022-12-02,79.85,1
2022-12-03,0,0
2022-12-04,97.25,3
2022-12-05,0,0
2022-12-06,0,0
2022-12-07,133.5,4
2022-12-08,0,0
2022-12-09,0,0
2022-12-10,0,0
2022-12-11,0,0
2022-12-12,108.85,3
2022-12-13,84.6,3
2022-12-14,256.39,8
2022-12-15,156.75,5
2022-12-16,434.55,3
2022-12-17,190.15,3
2022-12-18,33.9,1
2022-12-19,18.35,1
2022-12-20,99.75,4
2022-12-21,119.9,5
2022-12-22,0,0
2022-12-23,0,0
2022-12-24,33.9,1
2022-12-25,0,0
2022-12-26,16.95,1
2022-12-27,111.8,1
2022-12-28,250.6,2
2022-12-29,0,0
2022-12-30,0,0
2022-12-31,0,0
2023-01-01,238.9,1
2023-01-02,14.95,1
2023-01-03,81.8,2
2023-01-04,32.35,1
2023-01-05,0,0
2023-01-06,108.55,3
2023-01-07,16.95,1
2023-01-08,31.95,1
2023-01-09,0,0
2023-01-10,0,0
2023-01-11,0,0
2023-01-12,62.9,2
2023-01-13,0,0
2023-01-14,0,0
2023-01-15,176.55,2
2023-01-16,0,0
2023-01-17,47.35,1
2023-01-18,0,0
2023-01-19,18.35,1
2023-01-20,16.95,1
2023-01-21,0,0
2023-01-22,36.7,1
2023-01-23,65.85,1
2023-01-24,0,0
2023-01-25,101.15,3
2023-01-26,69,1
2023-01-27,0,0
2023-01-28,0,0
2023-01-29,69,1
2023-01-30,16.95,1
2023-01-31,0,0
2023-02-01,16.95,1
2023-02-02,0,0
2023-02-03,0,0
2023-02-04,0,0
2023-02-05,63.35,1
2023-02-06,0,0
2023-02-07,163.65,5
2023-02-08,0,0
2023-02-09,0,0
2023-02-10,0,0
2023-02-11,0,0
2023-02-12,0,0
2023-02-13,0,0
2023-02-14,0,0
2023-02-15,79.85,2
2023-02-16,0,0
2023-02-17,0,0
2023-02-18,18.35,1
2023-02-19,0,0
2023-02-20,0,0
2023-02-21,50.85,1
2023-02-22,57.65,1
2023-02-23,64.85,2
2023-02-24,0,0
2023-02-25,0,0
2023-02-26,0,0
2023-02-27,0,0
2023-02-28,275.9,5
2023-03-01,59.2,3
2023-03-02,17.95,1
2023-03-03,6.95,1
2023-03-04,101.7,2
2023-03-05,35.3,1
2023-03-06,0,0
2023-03-07,158.5,4
2023-03-08,0,0
2023-03-09,89.15,3
2023-03-10,0,0
2023-03-11,0,0
2023-03-12,116.3,1
2023-03-13,0,0
2023-03-14,13.9,2
2023-03-15,156.55,5
2023-03-16,17.95,1
2023-03-17,0,0
2023-03-18,0,0
2023-03-19,113.85,1
2023-03-20,0,0
2023-03-21,85.75,1
2023-03-22,51.85,1
2023-03-23,0,0
2023-03-24,0,0
2023-03-25,280.45,3
2023-03-26,0,0
2023-03-27,0,0
2023-03-28,17.95,1
2023-03-29,0,0
2023-03-30,33.9,1
2023-03-31,95.85,1
2023-04-01,73.6,1
2023-04-02,0,0
2023-04-03,51.85,1
2023-04-04,53.85,2
2023-04-05,0,0
2023-04-06,33.9,1
2023-04-07,0,0
2023-04-08,0,0
2023-04-09,69.8,1
2023-04-10,52.25,1
2023-04-11,135.75,3
2023-04-12,33.9,1
2023-04-13,0,0
2023-04-14,0,0
2023-04-15,0,0
2023-04-16,0,0
2023-04-17,0,0
2023-04-18,0,0
2023-04-19,0,0
2023-04-20,6.95,1
2023-04-21,33.9,1
2023-04-22,33.9,1
2023-04-23,0,0
2023-04-24,0,0
2023-04-25,0,0
2023-04-26,0,0
2023-04-27,0,0
2023-04-28,99.85,2
2023-04-29,0,0
2023-04-30,0,0
2023-05-01,135.6,2
2023-05-02,0,0
2023-05-03,86.15,2
2023-05-04,0,0
2023-05-05,87.75,3
2023-05-06,32.45,2
2023-05-07,67.35,1
2023-05-08,0,0
2023-05-09,0,0
2023-05-10,0,0
2023-05-11,6.95,1
2023-05-12,0,0
2023-05-13,0,0
2023-05-14,0,0
2023-05-15,0,0
2023-05-16,86.15,2
2023-05-17,0,0
2023-05-18,0,0
2023-05-19,33.9,1
2023-05-20,17.95,1
2023-05-21,0,0
2023-05-22,0,0
2023-05-23,53.85,2
2023-05-24,50.85,1
2023-05-25,0,0
2023-05-26,85.8,1
2023-05-27,35.3,1
2023-05-28,0,0
2023-05-29,33.9,1
2023-05-30,72.9,2
2023-05-31,0,0
2023-06-01,0,0
2023-06-02,83.9,2
2023-06-03,0,0
2023-06-04,93.55,2
2023-06-05,0,0
2023-06-06,74.6,3
2023-06-07,37.3,2
2023-06-08,0,0
2023-06-09,0,0
2023-06-10,0,0
2023-06-11,17.95,1
2023-06-12,0,0
2023-06-13,150.35,6
2023-06-14,82.9,1
2023-06-15,0,0
2023-06-16,0,0
2023-06-17,0,0
2023-06-18,0,0
2023-06-19,53.85,2
2023-06-20,227.3,8
2023-06-21,35.9,1
2023-06-22,0,0
2023-06-23,35.3,1
2023-06-24,0,0
2023-06-25,0,0
2023-06-26,99.85,2
2023-06-27,56.65,3
2023-06-28,35.3,1
2023-06-29,17.95,1
2023-06-30,44.25,3
2023-07-01,51.85,1
2023-07-02,0,0
2023-07-03,0,0
2023-07-04,0,0
2023-07-05,82.9,1
2023-07-06,38.7,1
2023-07-07,50.85,1
2023-07-08,37.3,2
2023-07-09,0,0
2023-07-10,84.3,1
2023-07-11,241.25,4
2023-07-12,167.15,4
2023-07-13,0,0
2023-07-14,0,0
2023-07-15,0,0
2023-07-16,33.9,1
2023-07-17,17.95,1
2023-07-18,88.15,3
2023-07-19,35.9,2
2023-07-20,0,0
2023-07-21,0,0
2023-07-22,0,0
2023-07-23,0,0
2023-07-24,45.95,1
2023-07-25,17.95,1
2023-07-26,35.9,2
2023-07-27,70.75,1
2023-07-28,0,0
2023-07-29,17.95,1
2023-07-30,0,0
2023-07-31,17.95,1
2023-08-01,96.75,4
2023-08-02,19.35,1
2023-08-03,17.95,1
2023-08-04,0,0
2023-08-05,0,0
2023-08-06,0,0
2023-08-07,0,0
2023-08-08,67.35,1
2023-08-09,35.9,2
2023-08-10,19.35,1
2023-08-11,0,0
2023-08-12,0,0
2023-08-13,0,0
2023-08-14,33.9,1
2023-08-15,74,3
2023-08-16,105.7,3
2023-08-17,35.9,1
2023-08-18,0,0
2023-08-19,52.25,1
2023-08-20,68.8,1
2023-08-21,0,0
2023-08-22,14.5,1
2023-08-23,277.35,5
2023-08-24,188.6,4
2023-08-25,0,0
2023-08-26,0,0
2023-08-27,0,0
2023-08-28,0,0
2023-08-29,213.2,6
2023-08-30,17.95,1
2023-08-31,0,0
2023-09-01,0,0
2023-09-02,84.75,1
2023-09-03,0,0
2023-09-04,33.9,1
2023-09-05,72.6,2
2023-09-06,0,0
2023-09-07,0,0
2023-09-08,17.95,1
2023-09-09,0,0
2023-09-10,0,0
2023-09-11,35.9,1
2023-09-12,35.9,1
2023-09-13,0,0
2023-09-14,35.9,1
2023-09-15,19.35,1
2023-09-16,0,0
2023-09-17,0,0
2023-09-18,0,0
2023-09-19,135.15,2
2023-09-20,0,0
2023-09-21,35.3,1
2023-09-22,0,0
2023-09-23,0,0
2023-09-24,19.35,1
2023-09-25,17.95,1
2023-09-26,151.7,2
2023-09-27,19.35,1
2023-09-28,0,0
2023-09-29,0,0
2023-09-30,0,0
2023-10-01,0,0
2023-10-02,0,0
2023-10-03,0,0
2023-10-04,17.95,1
2023-10-05,0,0
2023-10-06,69.8,1
2023-10-07,0,0
2023-10-08,0,0
2023-10-09,17.95,1
2023-10-10,221.9,4
2023-10-11,70.2,2
2023-10-12,0,0
2023-10-13,105.5,1
2023-10-14,0,0
2023-10-15,17.95,1
2023-10-16,33.9,1
2023-10-17,121.6,3
2023-10-18,205.8,2
2023-10-19,0,0
2023-10-20,0,0
2023-10-21,0,0
2023-10-22,0,0
2023-10-23,53.85,3
2023-10-24,69.2,2
2023-10-25,217.65,3
2023-10-26,0,0
2023-10-27,0,0
2023-10-28,38.7,1
2023-10-29,0,0
2023-10-30,35.3,1
2023-10-31,37.3,2
2023-11-01,0,0
2023-11-02,0,0
2023-11-03,0,0
2023-11-04,0,0
2023-11-05,35.9,2
2023-11-06,17.95,1
2023-11-07,0,0
2023-11-08,89.15,3
2023-11-09,0,0
2023-11-10,0,0
2023-11-11,0,0
2023-11-12,0,0
2023-11-13,45.95,1
2023-11-14,53.85,2
2023-11-15,0,0
2023-11-16,58.05,2
2023-11-17,252.95,2
2023-11-18,0,0
2023-11-19,0,0
2023-11-20,0,0
2023-11-21,85.75,1
2023-11-22,53.25,2
2023-11-23,116.8,1
2023-11-24,0,0
2023-11-25,0,0
2023-11-26,17.95,1
2023-11-27,0,0
2023-11-28,260.05,8
2023-11-29,58.05,3
2023-11-30,0,0
2023-12-01,35.9,1
2023-12-02,0,0
2023-12-03,33.9,1
2023-12-04,0,0
2023-12-05,169.65,4
2023-12-06,85.75,3
2023-12-07,0,0
2023-12-08,33.9,1
2023-12-09,19.35,1
2023-12-10,134.1,2
2023-12-11,0,0
2023-12-12,141,5
2023-12-13,185.95,4
2023-12-14,19.35,1
2023-12-15,6.95,1
2023-12-16,322.3,4
2023-12-17,0,0
2023-12-18,55.25,3
2023-12-19,477.9,12
2023-12-20,90.95,2
2023-12-21,0,0
2023-12-22,0,0
2023-12-23,0,0
2023-12-24,65.95,1
2023-12-25,0,0
2023-12-26,67.8,1
2023-12-27,0,0
2023-12-28,13.95,1
2023-12-29,0,0
2023-12-30,0,0
2023-12-31,82.9,1
2024-01-01,127.15,3
2024-01-02,0,1
2024-01-03,52.25,1
2024-01-04,0,0
2024-01-05,0,0
2024-01-06,0,0
2024-01-07,0,0
2024-01-08,0,0
2024-01-09,105.7,3
2024-01-10,158.35,5
2024-01-11,54.65,1
2024-01-12,19.35,1
2024-01-13,96.8,1
2024-01-14,0,0
2024-01-15,17.95,1
2024-01-16,104.7,2
2024-01-17,71.8,1
2024-01-18,0,0
2024-01-19,33.9,1
2024-01-20,0,0
2024-01-21,0,0
2024-01-22,51.85,2
2024-01-23,67.8,2
2024-01-24,17.95,1
2024-01-25,40.85,2
2024-01-26,0,0
2024-01-27,0,0
2024-01-28,0,0
2024-01-29,0,0
2024-01-30,103.7,2
2024-01-31,0,0
2024-02-01,201.7,2
2024-02-02,121.65,1
2024-02-03,0,0
2024-02-04,0,0
2024-02-05,0,0
2024-02-06,101.7,3
2024-02-07,335.75,7
2024-02-08,0,0
2024-02-09,0,0
2024-02-10,0,0
2024-02-11,33.9,1
2024-02-12,33.9,1
2024-02-13,67.8,1
2024-02-14,67.8,1
2024-02-15,69.8,2
2024-02-16,0,0
2024-02-17,0,0
2024-02-18,0,0
2024-02-19,0,0
2024-02-20,67.8,2
2024-02-21,0,0
2024-02-22,121.05,3
2024-02-23,74.75,2
2024-02-24,85.75,2
2024-02-25,0,0
2024-02-26,0,0
2024-02-27,0,0
2024-02-28,50.4,2
2024-02-29,88.65,2
2024-03-01,0,0
2024-03-02,33.9,1
2024-03-03,35.3,1
2024-03-04,0,0
2024-03-05,53.25,2
2024-03-06,54.65,2
2024-03-07,54.65,2
2024-03-08,0,0
2024-03-09,0,0
2024-03-10,33.9,1
2024-03-11,17.95,1
2024-03-12,51.85,2
2024-03-13,67.8,1
2024-03-14,0,0
2024-03-15,0,0
2024-03-16,6.95,1
2024-03-17,0,0
2024-03-18,33.9,1
2024-03-19,84.75,2
2024-03-20,67.8,2
2024-03-21,67.8,1
2024-03-22,0,0
2024-03-23,0,0
2024-03-24,136.15,2
2024-03-25,137.6,3
2024-03-26,0,0
2024-03-27,0,0
2024-03-28,35.3,1
2024-03-29,0,0
2024-03-30,0,0
2024-03-31,0,0
2024-04-01,69.8,1
2024-04-02,178.35,4
2024-04-03,33.9,1
2024-04-04,0,0
2024-04-05,0,0
2024-04-06,0,0
2024-04-07,0,0
2024-04-08,0,0
2024-04-09,33.95,1
2024-04-10,17.95,1
2024-04-11,82.9,1
2024-04-12,0,0
2024-04-13,0,0
2024-04-14,33.9,1
2024-04-15,0,0
2024-04-16,82.9,1
2024-04-17,0,0
2024-04-18,35.3,1
2024-04-19,0,0
2024-04-20,35.35,1
2024-04-21,0,0
2024-04-22,0,0
2024-04-23,33.9,1
2024-04-24,0,0
2024-04-25,0,0
2024-04-26,0,0
2024-04-27,52.25,1
2024-04-28,82.9,1
2024-04-29,69.8,1
2024-04-30,106.5,2
2024-05-01,0,0
2024-05-02,0,0
2024-05-03,0,0
2024-05-04,0,0
2024-05-05,0,0
2024-05-06,0,0
2024-05-07,35.9,2
2024-05-08,0,0
2024-05-09,0,0
2024-05-10,0,0
2024-05-11,35.35,1
2024-05-12,0,0
2024-05-13,0,0
2024-05-14,0,0
2024-05-15,138.4,2
2024-05-16,85.75,1
2024-05-17,101.75,1
2024-05-18,35.9,2
2024-05-19,0,0
2024-05-20,0,0
2024-05-21,100.85,1
2024-05-22,103.7,3
2024-05-23,37.3,2
2024-05-24,70.2,2
2024-05-25,86.7,1
2024-05-26,33.9,1
2024-05-27,0,0
2024-05-28,0,0
2024-05-29,154.55,2
2024-05-30,0,0
2024-05-31,6.95,1
2024-06-01,0,0
2024-06-02,0,0
2024-06-03,0,0
2024-06-04,0,0
2024-06-05,0,0
2024-06-06,0,0
2024-06-07,33.9,1
2024-06-08,0,0
2024-06-09,0,0
2024-06-10,0,0
2024-06-11,33.9,1
2024-06-12,33.9,1
2024-06-13,0,0
2024-06-14,0,0
2024-06-15,0,0
2024-06-16,0,0
2024-06-17,0,0
2024-06-18,0,0
2024-06-19,0,0
2024-06-20,0,0
2024-06-21,0,0
2024-06-22,0,0
2024-06-23,0,0
2024-06-24,0,0
2024-06-25,101.7,1
2024-06-26,0,0
2024-06-27,0,0
2024-06-28,33.9,1
2024-06-29,0,0
2024-06-30,0,0
2024-07-01,0,0
2024-07-02,0,0
2024-07-03,0,0
2024-07-04,0,0
2024-07-05,53.85,2
2024-07-06,0,0
2024-07-07,0,0
2024-07-08,52.25,1
2024-07-09,0,0
2024-07-10,0,0
2024-07-11,0,0
2024-07-12,0,0
2024-07-13,47.35,1
2024-07-14,84.3,1
2024-07-15,0,0
2024-07-16,0,0
2024-07-17,0,0
2024-07-18,0,0
2024-07-19,0,0
2024-07-20,0,0
2024-07-21,0,0
2024-07-22,0,0
2024-07-23,42.85,2
2024-07-24,0,0
2024-07-25,87.55,1
2024-07-26,6.95,1
2024-07-27,88.55,2
2024-07-28,0,0
2024-07-29,35.3,1
2024-07-30,135.65,3
2024-07-31,0,0
2024-08-01,0,0
2024-08-02,0,0
2024-08-03,0,0
2024-08-04,0,0
2024-08-05,116.8,2
2024-08-06,117.2,3
2024-08-07,36.3,2
2024-08-08,67.8,1
2024-08-09,0,0
2024-08-10,0,0
2024-08-11,0,0
2024-08-12,35.9,1
2024-08-13,0,0
2024-08-14,69.2,2
2024-08-15,0,0
2024-08-16,0,0
2024-08-17,0,0
2024-08-18,0,0
2024-08-19,0,0

"Purchase Funnel"
Name,Count,Trend
"Cart Conversion",1.17,1.17
"Conversion Rate",0.7,0.7
"Sales Per Visit",0.26,100
"Added To Cart",4381,-54
"Reached Checkout",373050,-
Purchased,2610,-54

"Top Items"
Name,Sales,Trend
"Clarinet Sheet Music - All 5 Archives","$11,877.35",5.985238
"Sound Files for the Clarinet Archive, Vol. 1","$5,830.69",12.221519
"Flute Archive, Volumes 1 - 4","$5,719.20",-0.615438
"Sound Files for the Flute Archive, Vol. 1","$3,697.94",

